Workbook

Sheet Instagram
A1: Instagram
A3: Month | B3: Posts published | C3: Avg views per post | D3: Total views | E3: Profile visits | F3: Profile visits % | G3: New followers (gross) | H3: Unfollows | I3: Churn % | J3: Net new followers | K3: Followers %
A4: May 2026 | B4: 69 | C4: =IFERROR(D4/B4,"") | D4: 3500000 | E4: 38137 | F4: =IFERROR(E4/D4,"") | I4: 0.34 | J4: 3163 | K4: =IFERROR(J4/E4,"")
A5: June 2026 | B5: 59 | C5: =IFERROR(D5/B5,"") | D5: 2441469 | E5: 35410 | F5: =IFERROR(E5/D5,"") | G5: 6447 | H5: 1707 | I5: =IFERROR(H5/G5,"") | J5: 4740 | K5: =IFERROR(J5/E5,"")
A6: July 2026 | B6: 114 | C6: =IFERROR(D6/B6,"") | D6: 4100000 | E6: 65463 | F6: =IFERROR(E6/D6,"") | G6: 26300 | H6: 2100 | I6: =IFERROR(H6/G6,"") | J6: 24354 | K6: =IFERROR(J6/E6,"")
A7: August 2026 (1-19) | B7: 101 | C7: =IFERROR(D7/B7,"") | F7: =IFERROR(E7/D7,"") | I7: =IFERROR(H7/G7,"") | K7: =IFERROR(J7/E7,"")
A8: Total | B8: =SUM(B4:B7) | C8: =IFERROR(D8/B8,"") | D8: =SUM(D4:D7) | E8: =SUM(E4:E7) | F8: =IFERROR(E8/D8,"") | G8: =SUM(G4:G7) | H8: =SUM(H4:H7) | I8: =IFERROR(H8/G8,"") | J8: =SUM(J4:J7) | K8: =IFERROR(J8/E8,"")
A10: CHURN = unfollows divided by gross new followers in the same month. May's 34% is the figure stated in the May 2026 Monthly Review deck; that deck did not record the underlying follows and unfollows, so those two cells stay empty. June is exact (6,447 follows / 1,707 unfollows). July's 2,100 unfollows is Instagram's rounded ~2.1K over the Jul 5 - Aug 3 window. The trend across the year: March 91%, April-May combined 44%, May 34%, June 26%, July 8%. Churn has fallen every month while volume rose, so the growth is holding, not churning through. Posts published = reels + feed posts, counted per month via the Metricool API on 2026-08-19. The method checks out: it returns 97 reels + 17 posts for July, exactly matching Instagram's own July recap. By month: May 60 reels + 9 posts, June 52 + 7, July 97 + 17, August 1-19: 90 + 11. Views, profile visits and followers are Instagram's own numbers (May review deck, June dashboard, July official recap). Yellow = August views, profile visits and followers. The IG web dashboard has no custom date range, only 7/14/30/90 days, so Aug 1-19 needs the IG app. For reference, from IG web on 2026-08-19, rolling last 30 days (Jul 21 - Aug 19, overlaps July): views 3,278,132 / profile visits 50,721 / total followers 100,601. Against the Aug 4 reading of 95,635 that is roughly +5,000 followers so far in August.

Sheet LinkedIn
A1: LinkedIn
A3: Month | B3: Posts published | C3: Avg views per post | D3: Impressions | E3: Profile visits | F3: Profile visits % | G3: New followers | H3: Followers %
A4: May 2026 | B4: 15 | C4: =IFERROR(D4/B4,"") | D4: 292705 | F4: =IFERROR(E4/D4,"") | G4: 1100 | H4: =IFERROR(G4/E4,"")
A5: June 2026 | B5: 13 | C5: =IFERROR(D5/B5,"") | D5: 51839 | E5: 1136 | F5: =IFERROR(E5/D5,"") | G5: 1009 | H5: =IFERROR(G5/E5,"")
A6: July 2026 | B6: 18 | C6: =IFERROR(D6/B6,"") | D6: 71776 | E6: 1204 | F6: =IFERROR(E6/D6,"") | G6: 821 | H6: =IFERROR(G6/E6,"")
A7: August 2026 (1-19) | C7: =IFERROR(D7/B7,"") | D7: 55759 | E7: 578 | F7: =IFERROR(E7/D7,"") | G7: 740 | H7: =IFERROR(G7/E7,"")
A8: Total | B8: =SUM(B4:B7) | C8: =IFERROR(D8/B8,"") | D8: =SUM(D4:D7) | E8: =SUM(E4:E7) | F8: =IFERROR(E8/D8,"") | G8: =SUM(G4:G7) | H8: =IFERROR(G8/E8,"")
A10: LinkedIn does not report unfollows at all, so there is no churn column here. POSTS PUBLISHED: counted manually by Reut (2026-08-20) - May 15, June 13, July 18. These are the figures to trust. Neither automated source is complete: Metricool stopped capturing most of Lior's LinkedIn posts around June 1, when the agency began posting natively, and our own performance log logged nothing between June 12 and July 3. August's count is still open. August impressions and new followers pulled live from Creator Analytics, custom range Aug 1-19 (2026-08-19). Total followers that day: 12,115. Profile visits are APPROXIMATE. LinkedIn only reports profile viewers as a 90-day chart in Thursday-start weekly buckets, so each month is the sum of the weeks falling inside it, give or take a week. May is not covered, the data only goes back to May 28. August covers Aug 6-19 only.

Sheet Funnel
A1: The funnel: views -> profile visits -> followers
A2: Every cell pulls from the Instagram and LinkedIn tabs. Nothing is typed in here.
A4: Step | B4: Instagram May | C4: Instagram June | D4: Instagram July | E4: Instagram Aug 1-19 | F4: LinkedIn May | G4: LinkedIn June | H4: LinkedIn July | I4: LinkedIn Aug 1-19
A5: Views / impressions | B5: =IFERROR(Instagram!D4,"") | C5: =IFERROR(Instagram!D5,"") | D5: =IFERROR(Instagram!D6,"") | E5: =IFERROR(Instagram!D7,"") | F5: =IFERROR(LinkedIn!D4,"") | G5: =IFERROR(LinkedIn!D5,"") | H5: =IFERROR(LinkedIn!D6,"") | I5: =IFERROR(LinkedIn!D7,"")
A6: Profile visits | B6: =IFERROR(Instagram!E4,"") | C6: =IFERROR(Instagram!E5,"") | D6: =IFERROR(Instagram!E6,"") | E6: =IFERROR(Instagram!E7,"") | F6: =IFERROR(LinkedIn!E4,"") | G6: =IFERROR(LinkedIn!E5,"") | H6: =IFERROR(LinkedIn!E6,"") | I6: =IFERROR(LinkedIn!E7,"")
A7: View -> profile visit | B7: =IFERROR(Instagram!E4/Instagram!D4,"") | C7: =IFERROR(Instagram!E5/Instagram!D5,"") | D7: =IFERROR(Instagram!E6/Instagram!D6,"") | E7: =IFERROR(Instagram!E7/Instagram!D7,"") | F7: =IFERROR(LinkedIn!E4/LinkedIn!D4,"") | G7: =IFERROR(LinkedIn!E5/LinkedIn!D5,"") | H7: =IFERROR(LinkedIn!E6/LinkedIn!D6,"") | I7: =IFERROR(LinkedIn!E7/LinkedIn!D7,"")
A8: Net new followers | B8: =IFERROR(Instagram!J4,"") | C8: =IFERROR(Instagram!J5,"") | D8: =IFERROR(Instagram!J6,"") | E8: =IFERROR(Instagram!J7,"") | F8: =IFERROR(LinkedIn!G4,"") | G8: =IFERROR(LinkedIn!G5,"") | H8: =IFERROR(LinkedIn!G6,"") | I8: =IFERROR(LinkedIn!G7,"")
A9: Profile visit -> follower | B9: =IFERROR(Instagram!J4/Instagram!E4,"") | C9: =IFERROR(Instagram!J5/Instagram!E5,"") | D9: =IFERROR(Instagram!J6/Instagram!E6,"") | E9: =IFERROR(Instagram!J7/Instagram!E7,"") | F9: =IFERROR(LinkedIn!G4/LinkedIn!E4,"") | G9: =IFERROR(LinkedIn!G5/LinkedIn!E5,"") | H9: =IFERROR(LinkedIn!G6/LinkedIn!E6,"") | I9: =IFERROR(LinkedIn!G7/LinkedIn!E7,"")
A10: View -> follower | B10: =IFERROR(Instagram!J4/Instagram!D4,"") | C10: =IFERROR(Instagram!J5/Instagram!D5,"") | D10: =IFERROR(Instagram!J6/Instagram!D6,"") | E10: =IFERROR(Instagram!J7/Instagram!D7,"") | F10: =IFERROR(LinkedIn!G4/LinkedIn!D4,"") | G10: =IFERROR(LinkedIn!G5/LinkedIn!D5,"") | H10: =IFERROR(LinkedIn!G6/LinkedIn!D6,"") | I10: =IFERROR(LinkedIn!G7/LinkedIn!D7,"")
A11: Views needed per 1 follower | B11: =IFERROR(Instagram!D4/Instagram!J4,"") | C11: =IFERROR(Instagram!D5/Instagram!J5,"") | D11: =IFERROR(Instagram!D6/Instagram!J6,"") | E11: =IFERROR(Instagram!D7/Instagram!J7,"") | F11: =IFERROR(LinkedIn!D4/LinkedIn!G4,"") | G11: =IFERROR(LinkedIn!D5/LinkedIn!G5,"") | H11: =IFERROR(LinkedIn!D6/LinkedIn!G6,"") | I11: =IFERROR(LinkedIn!D7/LinkedIn!G7,"")
A14: Where LinkedIn's followers actually come from (checked 2026-08-19)
A15: Total followers | B15: 12115
A16: of which connections | B16: 10555
A17: of which pure followers (never connected) | B17: 1560
A18: Invitations Lior has sent, still pending | B18: 251
A19: Invitations waiting for Lior to accept | B19: 1
A20: LinkedIn's hard cap on total connections | B20: 30000
A22: Reading the funnel
A23: Step 1 is the same on both platforms. Roughly 1-2% of views become a profile visit, on Instagram and on LinkedIn alike.
A24: The difference is the size of the top. Instagram sends about 50,000 people to the profile a month, LinkedIn about 1,200.
A26: Step 2 is where LinkedIn looks impossible: profile visit to follower runs 68% to over 100%. A rate above 100% is the proof -
A27: those followers are not arriving through the profile at all. They are accepted connection invitations. 10,555 of Lior's
A28: 12,115 followers are connections; only 1,560 people ever chose to follow him.
A30: So the leak is not a conversion problem, it is a structural one. LinkedIn reach barely produces followers, and the
A31: channel that does produce them, connections, is capped at 30,000. Getting to 100K means growing the 1,560 pure
A32: followers, which is the one number nobody has been working on.
